類型(Types),先備關係(Prerequisite),名稱(Name)
先備關係(Prerequisite),無,認識1~5的數
先備關係(Prerequisite),認識1~5的數,認識6~10的數
先備關係(Prerequisite),"認識1~5的數
認識6~10的數",1~10的做數
先備關係(Prerequisite),1~10的做數,認識0
先備關係(Prerequisite),無,認識長度
先備關係(Prerequisite),認識長度,長度的直接比較
先備關係(Prerequisite),無,直線和曲線
先備關係(Prerequisite),"長度的直接比較
直線和曲線",曲線的長度比較
先備關係(Prerequisite),長度的直接比較,厚薄的直接比較
先備關係(Prerequisite),長度的直接比較,高矮的直接比較
先備關係(Prerequisite),"曲線的長度比較
長度的直接比較",認識遠近
先備關係(Prerequisite),"長度的直接比較
厚薄的直接比較
高矮的直接比較",長度、厚薄、高矮的混合和進階比較(基準點不同)
先備關係(Prerequisite),1~10的做數,4~10的分解
先備關係(Prerequisite),4~10的分解,4~10的合成
先備關係(Prerequisite),"4~10的分解
4~10的合成",10的分與合
先備關係(Prerequisite),"認識1~5的數
認識6~10的數",10以內的序數
先備關係(Prerequisite),無,認識前後
先備關係(Prerequisite),無,認識左右
先備關係(Prerequisite),10以內的序數,數之數詞序列的前後關係
先備關係(Prerequisite),"1~10的做數
10以內的序數",基數與序數的差異
先備關係(Prerequisite),1~10的做數,10以內比多少、大小
先備關係(Prerequisite),認識6~10的數,認識11~20的數
先備關係(Prerequisite),操作立體形體(透過堆高和滾動分辨平平的面和彎彎的面),分類立體形體(形體樣子)
先備關係(Prerequisite),認識11~20的數,認識21~30的數
先備關係(Prerequisite),"1~10的做數
認識21~30的數",1~30的做數
先備關係(Prerequisite),"認識11~20的數
認識21~30的數",30以內的序數
先備關係(Prerequisite),1~30的做數,30以內的大小比較
先備關係(Prerequisite),10的分與合,10以內的加法
先備關係(Prerequisite),10以內的加法,被加數或加數是0的加法
先備關係(Prerequisite),10以內的加法,認識加法算式
先備關係(Prerequisite),10以內的加法,加法交換律
先備關係(Prerequisite),10以內的加法,熟練10以內的加法心算(心算卡)
先備關係(Prerequisite),無,操作立體形體(透過堆高和滾動分辨平平的面和彎彎的面)
先備關係(Prerequisite),無,直觀分類平面圖形
先備關係(Prerequisite),直觀分類平面圖形,點數平面圖形的數量
先備關係(Prerequisite),直觀分類平面圖形,分辨日常生活中的平面圖形
先備關係(Prerequisite),10的分與合,10以內的減法
先備關係(Prerequisite),10以內的減法,減數或差是0的減法
先備關係(Prerequisite),10以內的減法,認識減法算式
先備關係(Prerequisite),10以內的減法,熟練10以內的減法心算(心算卡)
先備關係(Prerequisite),"10以內的加法
10以內的減法",判斷加減法時機（10以內）
先備關係(Prerequisite),無,事情的先後
先備關係(Prerequisite),無,時間長短的比較
先備關係(Prerequisite),認識鐘面（含長針、短針）,認識整點鐘
先備關係(Prerequisite),長度的直接比較,認識鐘面（含長針、短針）
先備關係(Prerequisite),"認識整點鐘
認識幾點半",認識數字鐘（整點和半點）
先備關係(Prerequisite),認識整點鐘,認識幾點半
先備關係(Prerequisite),"事情的先後
認識整點鐘",認識上午、中午、下午的用語
先備關係(Prerequisite),"事情的先後
認識整點鐘
認識幾點半",透過一天的時間認識整點鐘和半點鐘
先備關係(Prerequisite),"事情的先後
認識整點鐘
認識幾點半",幾小時之前，幾小時之後（整點或半點）
先備關係(Prerequisite),認識21~30的數,認識50以內的數
先備關係(Prerequisite),認識50以內的數,認識100以內的數
先備關係(Prerequisite),1~30的做數,10個一數
先備關係(Prerequisite),認識100以內的數,5個一數
先備關係(Prerequisite),1~30的做數,2個一數
先備關係(Prerequisite),十和一的關係與換算,認識個位和十位及位值單位換算
先備關係(Prerequisite),認識50以內的數,十和一的關係與換算
先備關係(Prerequisite),認識50以內的數,50以內的序數
先備關係(Prerequisite),認識100以內的數,100以內的序數
先備關係(Prerequisite),認識50以內的數,50以內的大小比較
先備關係(Prerequisite),"50以內的大小比較
認識100以內的數",100以內的數及大小比較
先備關係(Prerequisite),"認識100以內的數
2個一數
5個一數
10個一數",百數表
先備關係(Prerequisite),10＋一位數,一位數加一位數（進位）
先備關係(Prerequisite),10以內的加法,10＋一位數
先備關係(Prerequisite),長度的個別單位比較,路徑長短與個別單位數量的關係
先備關係(Prerequisite),一位數加一位數（進位）,熟練18以內的加法心算（心算卡）
先備關係(Prerequisite),一位數加一位數（進位）,透過同數相加計算，解決相鄰算式的問題（已知5+5=10，求5+6）
先備關係(Prerequisite),透過同數相加計算，解決相鄰算式的問題（已知5+5=10，求5+6）,和不變（8＋3＝11，9＋2＝11）
先備關係(Prerequisite),長度的直接比較,長度的間接比較
先備關係(Prerequisite),認識長度,認識粗細
先備關係(Prerequisite),複製長度,長度的個別單位複製
先備關係(Prerequisite),直觀分類平面圖形,使用指定數量的圖卡排出造型
先備關係(Prerequisite),長度的間接比較,長度的個別單位比較
先備關係(Prerequisite),長度的個別單位複製,長度的個別單位合成與分解
先備關係(Prerequisite),10幾減一位數，差為10,被減數為18以內減一位數差為一位數（退位）
先備關係(Prerequisite),10以內的減法,10幾減一位數，差為10
先備關係(Prerequisite),"一位數加一位數（進位）
被減數為18以內減一位數差為一位數（退位）",判斷加減法時機（18以內）
先備關係(Prerequisite),被減數為18以內減一位數差為一位數（退位）,透過被減數固定，解決相鄰算式的問題
先備關係(Prerequisite),被減數為18以內減一位數差為一位數（退位）,透過減數固定，解決相鄰算式的問題
先備關係(Prerequisite),被減數為18以內減一位數差為一位數（退位）,熟練18以內的減法心算（心算卡）
先備關係(Prerequisite),直觀分類平面圖形,描繪、仿製平面圖形
先備關係(Prerequisite),直觀分類平面圖形,描繪、仿製立體的平面
先備關係(Prerequisite),使用指定數量的圖卡排出造型,拼圖
先備關係(Prerequisite),做平面圖形的平移、翻轉、重疊、比對…全等的活動,透過操作或觀察找出一樣大小形狀的圖形
先備關係(Prerequisite),認識長度,複製長度
先備關係(Prerequisite),使用指定數量的圖卡排出造型,做平面圖形的平移、翻轉、重疊、比對…全等的活動
先備關係(Prerequisite),使用指定數量的圖卡排出造型,將平面圖形拼湊出圖案
先備關係(Prerequisite),做平面圖形的平移、翻轉、重疊、比對…全等的活動,用七巧板排圖形
先備關係(Prerequisite),操作立體形體(透過堆高和滾動分辨平平的面和彎彎的面),堆疊形體
先備關係(Prerequisite),堆疊形體,點數簡單形體
先備關係(Prerequisite),無,報讀日曆
先備關係(Prerequisite),報讀日曆,認識昨天、今天、明天的用語
先備關係(Prerequisite),認識昨天、今天、明天的用語,報讀月曆
先備關係(Prerequisite),報讀月曆,完成月曆及應用
先備關係(Prerequisite),"認識50元錢幣及應用
認識10元錢幣及應用
認識5元錢幣及應用
認識1元錢幣及應用
認識100以內的數",補足金額（100元以內）
先備關係(Prerequisite),報讀月曆,報讀年曆
先備關係(Prerequisite),報讀年曆,日期的先後順序
先備關係(Prerequisite),無,認識100元錢幣及應用
先備關係(Prerequisite),無,認識10元錢幣及應用
先備關係(Prerequisite),無,認識1元錢幣及應用
先備關係(Prerequisite),無,認識50元錢幣及應用
先備關係(Prerequisite),無,認識5元錢幣及應用
先備關係(Prerequisite),"認識50元錢幣及應用
認識10元錢幣及應用
認識5元錢幣及應用
認識1元錢幣及應用",非單一個錢幣的換算（50元以內）
先備關係(Prerequisite),"認識100元錢幣及應用
認識50元錢幣及應用",非單一個錢幣的換算（100元以內）
先備關係(Prerequisite),"認識10元錢幣及應用
認識5元錢幣及應用
認識1元錢幣及應用
認識50以內的數",總共多少元（50元以內）
先備關係(Prerequisite),"總共多少元（50元以內）
認識100以內的數",總共多少元（100元以內）
先備關係(Prerequisite),10以內的加法,二位數加一位數（不進位，和在50以內）
先備關係(Prerequisite),"一位數加一位數（進位）
二位數加一位數（不進位，和在50以內）",二位數加一位數（進位，和在50以內）
先備關係(Prerequisite),"10以內的加法
二位數加一位數（不進位，和在50以內）",一位數加二位數（不進位，和在50以內）
先備關係(Prerequisite),"一位數加一位數（進位）
一位數加二位數（不進位，和在50以內）",一位數加二位數（進位，和在50以內）
先備關係(Prerequisite),"二位數加一位數（進位，和在50以內）
一位數加二位數（進位，和在50以內）",二位數加二位數（進位，和在50以內）
先備關係(Prerequisite),10以內的減法,二位數減一位數（不退位，被減數在50以內）
先備關係(Prerequisite),被減數為18以內減一位數差為一位數（退位）,二位數減一位數（退位，被減數在50以內）
先備關係(Prerequisite),二位數減一位數（不退位，被減數在50以內）,二位數減二位數（不退位，被減數在50以內）
先備關係(Prerequisite),二位數減一位數（退位，被減數在50以內）,二位數減二位數（退位，被減數在50以內）
先備關係(Prerequisite),"二位數加一位數（不進位，和在50以內）
一位數加二位數（不進位，和在50以內）",二位數加二位數（不進位，和在50以內）
先備關係(Prerequisite),"二位數加二位數（進位，和在50以內）
二位數減二位數（退位，被減數在50以內）",初步認識加減互逆關係
先備關係(Prerequisite),"二位數加二位數（進位，和在51以上）
二位數減二位數（退位，被減數在50以內）
判斷加減法時機（18以內）",判斷加減法時機（一次進位或一次退位）
先備關係(Prerequisite),1~30的做數,資料分類整理
先備關係(Prerequisite),資料分類整理,透過畫記做資料的紀錄
先備關係(Prerequisite),透過畫記做資料的紀錄,完成和報讀統計表
先備關係(Prerequisite),完成和報讀統計表,資料分類整理，並記錄到表格
先備關係(Prerequisite),認識100以內的數,認識300以內的數
先備關係(Prerequisite),認識個位和十位及位值單位換算,認識百位及位值單位換算
先備關係(Prerequisite),"總共多少元（100元以內）
認識300以內的數",總共多少元（100元以上）
先備關係(Prerequisite),100以內的數及大小比較,300以內的兩數大小比較
先備關係(Prerequisite),二位數加二位數（進位，和在50以內）,二位數加二位數（一次進位，個位進十位，和在200以內）
先備關係(Prerequisite),二位數加二位數（一次進位，個位進十位，和在200以內）,二位數加二位數（二次進位，和在200以內）
先備關係(Prerequisite),二位數加一位數（不進位，和在50以內）,二位數加一位數（不進位，和在100以內）
先備關係(Prerequisite),"二位數加一位數（不進位，和在100以內）
熟練18以內的加法心算（心算卡）",二位數加一位數（進位，和在200以內）
先備關係(Prerequisite),二位數加二位數（一次進位，個位進十位，和在200以內）,二位數加二位數（一次進位，十位進百位，和在200以內）
先備關係(Prerequisite),一位數加二位數（不進位，和在50以內）,一位數加二位數（不進位，和在100以內）
先備關係(Prerequisite),"一位數加二位數（進位，和在50以內）
一位數加二位數（不進位，和在100以內）",一位數加二位數（進位，和在200以內）
先備關係(Prerequisite),二位數加二位數（不進位，和在50以內）,二位數加二位數（不進位，和在100以內）
先備關係(Prerequisite),300以內的兩數大小比較,認識＞、＜和＝
先備關係(Prerequisite),"二位數加二位數（二次進位，和在200以內）
二位數減二位數（退位，被減數在99以內）",判斷加減法時機（一、二次進位或一次退位）
先備關係(Prerequisite),二位數加二位數（不進位，和在100以內）,二位數加法估算
先備關係(Prerequisite),長度的個別單位複製,不同個別單位測量同物品長度，個別單位越長，其數量越少
先備關係(Prerequisite),長度的個別單位複製,認識1公分及幾個1公分就是幾公分
先備關係(Prerequisite),測量整公分的長度（基本型）,測量接近整公分的長度
先備關係(Prerequisite),認識1公分及幾個1公分就是幾公分,測量整公分的長度（基本型）
先備關係(Prerequisite),"測量整公分的長度（基本型）
公分的減法",測量整公分的長度（斷尺型）
先備關係(Prerequisite),公分的加法,測量整公分的長度（超過尺的長度）
先備關係(Prerequisite),認識1公分及幾個1公分就是幾公分,長度在1公分以上的估測
先備關係(Prerequisite),"認識1公分及幾個1公分就是幾公分
熟練18以內的加法心算（心算卡）",公分的加法
先備關係(Prerequisite),"認識1公分及幾個1公分就是幾公分
熟練18以內的減法心算（心算卡）",公分的減法
先備關係(Prerequisite),測量整公分的長度（基本型）,繪製指定公分的長度（基本型）
先備關係(Prerequisite),測量整公分的長度（斷尺型）,繪製指定公分的長度（斷尺型）
先備關係(Prerequisite),二位數減一位數（不退位，被減數在50以內）,二位數減一位數（不退位，被減數在99以內）
先備關係(Prerequisite),"二位數減一位數（不退位，被減數在99以內）
熟練18以內的加法心算（心算卡）",二位數減一位數（退位，被減數在99以內）
先備關係(Prerequisite),"二位數減二位數（不退位，被減數在50以內）
二位數減一位數（不退位，被減數在99以內）",二位數減二位數（不退位，被減數在99以內）
先備關係(Prerequisite),二位數減一位數（退位，被減數在99以內）,二位數減二位數（退位，被減數在99以內）
先備關係(Prerequisite),理解加減互逆關係及應用,二位數減法的驗算
先備關係(Prerequisite),初步認識加減互逆關係,理解加減互逆關係及應用
先備關係(Prerequisite),理解加減互逆關係及應用,用線段圖輔助學生理解應用問題
先備關係(Prerequisite),用線段圖輔助學生理解應用問題,被加數未知
先備關係(Prerequisite),用線段圖輔助學生理解應用問題,加數未知
先備關係(Prerequisite),用線段圖輔助學生理解應用問題,被減數未知
先備關係(Prerequisite),用線段圖輔助學生理解應用問題,減數未知
先備關係(Prerequisite),用線段圖輔助學生理解應用問題,A比B少，就是B比A多
先備關係(Prerequisite),二位數減二位數（不退位，被減數在99以內）,二位數減法估算
先備關係(Prerequisite),無,認識容器
先備關係(Prerequisite),認識容器,認識容量
先備關係(Prerequisite),容量的直觀比較,容量的直接比較
先備關係(Prerequisite),認識容量,容量的直觀比較
先備關係(Prerequisite),容量的直接比較,容量的間接比較
先備關係(Prerequisite),液量的直接比較,液量的保留性
先備關係(Prerequisite),容量的直接比較,液量的直接比較
先備關係(Prerequisite),三位數加法(進位，但不進到千位),解決連加兩步驟問題（不併式）
先備關係(Prerequisite),一位數加一位數（進位）,2的乘法及應用
先備關係(Prerequisite),無,認識乘法（認識被乘數、乘數和積）
先備關係(Prerequisite),三位數減法(一次退位),解決連減兩步驟問題（不併式）
先備關係(Prerequisite),一位數加一位數（進位）,5的乘法及應用
先備關係(Prerequisite),"解決連加兩步驟問題（不併式）
解決連減兩步驟問題（不併式）",解決加減混合兩步驟問題（不併式）
先備關係(Prerequisite),一位數加一位數（進位）,4的乘法及應用
先備關係(Prerequisite),一位數加一位數（進位）,8的乘法及應用
先備關係(Prerequisite),一位數加一位數（進位）,一位數的連加
先備關係(Prerequisite),"2的乘法及應用
4的乘法及應用
5的乘法及應用
8的乘法及應用",2、5、4、8的乘法綜合應用問題
先備關係(Prerequisite),認識鐘面（含長針、短針）,報讀幾點幾分
先備關係(Prerequisite),"報讀幾點幾分
認識整點鐘",大約幾點鐘
先備關係(Prerequisite),"報讀幾點幾分
5的乘法及應用",報讀幾點幾分（5分鐘一數）
先備關係(Prerequisite),"報讀幾點幾分（5分鐘一數）
解決乘加兩步驟問題（不併式）",報讀幾點幾分（1分鐘一數）
先備關係(Prerequisite),點數經過的1小時時間（整點鐘）,點數經過的N小時時間（整點鐘）
先備關係(Prerequisite),點數經過的1小時時間（幾時幾分）,點數經過的N小時時間（幾時幾分）
先備關係(Prerequisite),幾小時之前，幾小時之後（整點或半點）,點數經過的1小時時間（整點鐘）
先備關係(Prerequisite),點數經過的1小時時間（整點鐘）,點數經過的1小時時間（幾時幾分）
先備關係(Prerequisite),點數經過的1小時時間（整點鐘）,點數經過的半小時時間（整點鐘）
先備關係(Prerequisite),點數經過的1小時時間（幾時幾分）,點數經過的半小時時間（幾時幾分）
先備關係(Prerequisite),認識分針、時針,認識鐘面上的1大格和1小格
先備關係(Prerequisite),認識鐘面（含長針、短針）,認識分針、時針
先備關係(Prerequisite),一位數加一位數（進位）,3的乘法及應用
先備關係(Prerequisite),報讀幾點幾分,認識數字鐘（幾時幾分）
先備關係(Prerequisite),一位數加一位數（進位）,6的乘法及應用
先備關係(Prerequisite),一位數加一位數（進位）,7的乘法及應用
先備關係(Prerequisite),一位數加一位數（進位）,9的乘法及應用
先備關係(Prerequisite),"2、5、4、8的乘法綜合應用問題
3、6、7、9的乘法綜合應用問題",九九乘法及應用
先備關係(Prerequisite),直觀分類平面圖形,認識平面圖形的邊、角和頂點
先備關係(Prerequisite),認識平面圖形的邊、角和頂點,認識及分辨平面圖形的周界、內部、外部（含封閉圖形的辨認）
先備關係(Prerequisite),點數計算平面圖形周長,計算給定所有邊長的平面圖形周長
先備關係(Prerequisite),認識及分辨平面圖形的周界、內部、外部（含封閉圖形的辨認）,認識周長意義
先備關係(Prerequisite),十十乘法及應用,擬題活動
先備關係(Prerequisite),容量的間接比較,容量或液量個別單位比較
先備關係(Prerequisite),認識重量及直觀比較,認識天平，及比較重量
先備關係(Prerequisite),無,認識重量及直觀比較
先備關係(Prerequisite),認識天平，及比較重量,重量的保留性
先備關係(Prerequisite),認識天平，及比較重量,重量的個別單位比較
先備關係(Prerequisite),"認識天平，及比較重量
遞移律",重量的遞移關係
先備關係(Prerequisite),認識300以內的數,認識1000以內的數
先備關係(Prerequisite),認識百位及位值單位換算,1000以內數的位值單位換算（幾個百幾個十幾個一）
先備關係(Prerequisite),300以內的兩數大小比,1000以內的兩數大小比較（含數與算式的比較）
先備關係(Prerequisite),無,認識1000元錢幣及應用
先備關係(Prerequisite),無,認識500元錢幣及應用
先備關係(Prerequisite),"總共多少元（100元以上）
認識1000以內的數",付錢買東西（500元以上）
先備關係(Prerequisite),二位數加二位數（不進位，和在100以內）,三位數加法(不進位)
先備關係(Prerequisite),"三位數加法(不進位)
二位數加二位數（二次進位，和在200以內）",三位數加法(進位，但不進到千位)
先備關係(Prerequisite),二位數減二位數（不退位，被減數在99以內）,三位數減法(不退位)
先備關係(Prerequisite),"三位數減法(不退位)
二位數減二位數（退位，被減數在99以內）",三位數減法(一次退位)
先備關係(Prerequisite),用線段圖輔助學生理解應用問題,透過語意轉換解決相同數據不同情境的比較型計算
先備關係(Prerequisite),三位數加法(進位，但不進到千位),三位數加法估算
先備關係(Prerequisite),三位數減法(不退位),三位數減法估算
先備關係(Prerequisite),認識1公分及幾個1公分就是幾公分,認識1公尺及公尺的量感
先備關係(Prerequisite),長度在1公分以上的估測,長度在1公尺以上的估測
先備關係(Prerequisite),認識1公分及幾個1公分就是幾公分,公分和公尺的關係和換算
先備關係(Prerequisite),三位數加法(進位，但不進到千位),公尺的加法
先備關係(Prerequisite),三位數減法(退位),公尺的減法
先備關係(Prerequisite),認識周長意義,點數計算平面圖形周長
先備關係(Prerequisite),報讀年曆,認識1個月有幾天，及大月和小月
先備關係(Prerequisite),認識1個月有幾天，及大月和小月,認識平年和閏年
先備關係(Prerequisite),報讀月曆,查月曆點數日數
先備關係(Prerequisite),"計算給定所有邊長的平面圖形周長
測量整公分的長度（基本型）
公分的加法",測量平面圖形周長
先備關係(Prerequisite),查月曆點數日數,透過點數得知幾天後、幾天前的日期
先備關係(Prerequisite),報讀年曆,透過年曆認識1年有幾個月
先備關係(Prerequisite),10個一數,10的乘法及應用
先備關係(Prerequisite),二位數加二位數（不進位，和在50以內）,十幾乘以一位數
先備關係(Prerequisite),認識乘法（認識被乘數、乘數和積）,1的乘法及應用
先備關係(Prerequisite),報讀月曆,認識1星期有幾天，知道每月至少（大概）幾星期
先備關係(Prerequisite),認識乘法（認識被乘數、乘數和積）,0的乘法及應用
先備關係(Prerequisite),十十乘法及應用,乘法交換律
先備關係(Prerequisite),"九九乘法及應用
10的乘法及應用",十十乘法及應用
先備關係(Prerequisite),"透過年曆認識1年有幾個月
二位數減二位數（退位，被減數在99以內）",年和月的換算
先備關係(Prerequisite),"十十乘法及應用
二位數加二位數（二次進位，和在200以內）",解決乘加兩步驟問題（不併式）
先備關係(Prerequisite),"十十乘法及應用
二位數減二位數（退位，被減數在99以內）",解決乘減兩步驟問題（不併式）
先備關係(Prerequisite),"十十乘法及應用
10以內的加法",解決加乘兩步驟問題（不併式）
先備關係(Prerequisite),"遞移律
長度、厚薄、高矮的混合和進階比較(基準點不同)",長度的遞移關係
先備關係(Prerequisite),認識＞、＜和＝,遞移律
先備關係(Prerequisite),"十十乘法及應用
熟練18以內的減法心算（心算卡）",解決減乘兩步驟問題（不併式）
先備關係(Prerequisite),認識1公尺及公尺的量感,以1公尺為單位進行長度實測
先備關係(Prerequisite),"從具體物判斷是否平分
十十乘法及應用",平分
先備關係(Prerequisite),平分,從平分認識分數
先備關係(Prerequisite),10以內比多少、大小,從具體物判斷是否平分
先備關係(Prerequisite),從平分認識分數,認識分母在12以內的單位分數（連續量）
先備關係(Prerequisite),認識分母在12以內的單位分數（連續量）,認識分母在12以內的單位分數（離散量）
先備關係(Prerequisite),"面的直觀比較大小
認識平面圖形的邊、角和頂點",初步認識長方體和正方體的構成要素
先備關係(Prerequisite),認識分母在12以內的單位分數（連續量）,分母在12以內的單位分數大小比較
先備關係(Prerequisite),分母在12以內的單位分數大小比較,單位1不同的分數大小比較
先備關係(Prerequisite),認識平面圖形的邊、角和頂點,直觀認識正三角形、正方形和長方形特性
先備關係(Prerequisite),面的認識,面的直觀比較大小
先備關係(Prerequisite),無,面的認識
先備關係(Prerequisite),"10以內比多少、大小
十十乘法及應用",分裝
先備關係(Prerequisite),面的直觀比較大小,面的直接比較大小
先備關係(Prerequisite),面的直接比較大小,面的間接比較大小
先備關係(Prerequisite),面的間接比較大小,面積的個別單位比較
先備關係(Prerequisite),"3的乘法及應用
6的乘法及應用
7的乘法及應用
9的乘法及應用",3、6、7、9的乘法綜合應用問題
先備關係(Prerequisite),資料分類整理,做分類、紀錄、呈現、說明與討論
先備關係(Prerequisite),做分類、紀錄、呈現、說明與討論,分類再分類
先備關係(Prerequisite),"直觀認識正三角形、正方形和長方形特性
認識並辨別直角",正方形和長方形的特性及構成要素
先備關係(Prerequisite),"繪製直角
繪製指定公分的長度（基本型）",繪製正方形(已學會畫角)
先備關係(Prerequisite),"繪製直角
繪製指定公分的長度（基本型）",繪製長方形(已學會畫角)
先備關係(Prerequisite),無,觀察生活事物找規律
先備關係(Prerequisite),觀察生活事物找規律,藉由顏色或圖形變化找規律
先備關係(Prerequisite),觀察生活事物找規律,透過連續圖形的變化找規律
先備關係(Prerequisite),直觀分類平面圖形,辨認圓形
先備關係(Prerequisite),"認識圓心、圓周、半徑、直徑
測量整公分的長度（基本型）",使用圓規畫圓
先備關係(Prerequisite),辨認圓形,認識圓心、圓周、半徑、直徑
先備關係(Prerequisite),使用圓規畫圓,圓規其他應用
先備關係(Prerequisite),三位數加法(進位，但不進到千位),三位數加三位數（和在1000以上）
先備關係(Prerequisite),三位數減法(一次退位),三位數減三位數（2次退位和連續退位）
先備關係(Prerequisite),三位數減法(不退位),四位數減法(不退位)
先備關係(Prerequisite),"三位數減法(退位)
四位數減法(不退位)",四位數減法(退位)
先備關係(Prerequisite),三位數加法(不進位),四位數加法(不進位)
先備關係(Prerequisite),"四位數加法(不進位)
三位數加法(進位，但不進到千位)",四位數加法(進位)
先備關係(Prerequisite),三位數加法估算,四位數加法估算
先備關係(Prerequisite),三位數減法估算,四位數減法估算
先備關係(Prerequisite),十十乘法及應用,幾十乘以一位數
先備關係(Prerequisite),"幾十乘以一位數
十幾乘以一位數
十十乘法及應用",二位數乘以一位數（不進位）
先備關係(Prerequisite),二位數乘以一位數（不進位）,二位數乘以一位數（進位）
先備關係(Prerequisite),幾十乘以一位數,幾百乘以一位數
先備關係(Prerequisite),幾百乘以一位數,整數乘法估算（先取概數再算）
先備關係(Prerequisite),"幾百乘以一位數
二位數乘以一位數（不進位）",三位數乘以一位數（不進位）
先備關係(Prerequisite),"三位數乘以一位數（不進位）
二位數乘以一位數（進位）",三位數乘以一位數（進位）
先備關係(Prerequisite),"解決乘加兩步驟問題（不併式）
三位數乘以一位數（進位）
三位數加法(進位，但不進到千位)",解決乘加兩步驟問題（不併式，二、三位數）
先備關係(Prerequisite),"解決乘減兩步驟問題（不併式）
三位數乘以一位數（進位）
三位數減法(一次退位)",解決乘減兩步驟問題（不併式，二、三位數）
先備關係(Prerequisite),"解決加乘兩步驟問題（不併式）
三位數乘以一位數（進位）
三位數加法(進位，但不進到千位)",解決加乘兩步驟問題（不併式，二、三位數）
先備關係(Prerequisite),"解決減乘兩步驟問題（不併式）
三位數乘以一位數（進位）
三位數減法(一次退位)",解決減乘兩步驟問題（不併式，二、三位數）
先備關係(Prerequisite),一、二位數÷一位數，商為一位數(有餘數),知道整數除以整數中，除數、被除數、商和餘數的關係
先備關係(Prerequisite),"一、二位數÷一位數，商為一位數(整除)
二位數減二位數（退位，被減數在99以內）",一、二位數÷一位數，商為一位數(有餘數)
先備關係(Prerequisite),"十十乘法及應用
分裝
平分",一、二位數÷一位數，商為一位數(整除)
先備關係(Prerequisite),一、二位數÷一位數，商為一位數(整除),0和1的除法
先備關係(Prerequisite),二位數除以一位數，商為二位數,餘數的應用問題（如搭計程車、氣球顏色問題……）
先備關係(Prerequisite),一、二位數÷一位數，商為一位數(有餘數),三位數除以一位數的估商
先備關係(Prerequisite),一、二位數÷一位數，商為一位數(有餘數),二位數除以一位數，商為二位數
先備關係(Prerequisite),"二位數除以一位數，商為二位數
三位數除以一位數的估商",三位數除以一位數
先備關係(Prerequisite),二位數乘以一位數（進位）,解決連乘兩步驟問題（不併式）
先備關係(Prerequisite),解決連乘兩步驟問題（不併式）,倍的計算
先備關係(Prerequisite),"三位數除以一位數
三位數加法(進位，但不進到千位)",解決加除兩步驟問題（不併式）
先備關係(Prerequisite),"三位數除以一位數
三位數加法(進位，但不進到千位)",解決除加兩步驟問題（不併式）
先備關係(Prerequisite),"三位數除以一位數
三位數減法(一次退位)",解決減除兩步驟問題（不併式）
先備關係(Prerequisite),"三位數除以一位數
三位數減法(一次退位)",解決除減兩步驟問題（不併式）
先備關係(Prerequisite),單位分數的累加（不超過2）,同分母分數的加法
先備關係(Prerequisite),單位分數的累加（不超過2）,同分母分數的減法
先備關係(Prerequisite),"同分母分數的加法
同分母分數的減法
用線段圖輔助學生理解應用問題",分數的加減應用（未知型、單位不同）
先備關係(Prerequisite),零點A＝十分之A,一位小數加法
先備關係(Prerequisite),零點A＝十分之A,一位小數減法
先備關係(Prerequisite),直接對應表格,交叉對應表格
先備關係(Prerequisite),做分類、紀錄、呈現、說明與討論,直接對應表格
先備關係(Prerequisite),交叉對應表格,功課表
先備關係(Prerequisite),交叉對應表格,火車時刻表與票價表
先備關係(Prerequisite),交叉對應表格,交叉對應表格（功課表、火車時刻表和票價表以外的表格）
先備關係(Prerequisite),交叉對應表格,製作統計表
先備關係(Prerequisite),交叉對應表格,表格的應用（合計）
先備關係(Prerequisite),毫米和公分的關係和換算,毫米和公分的長度比較
先備關係(Prerequisite),"認識1公分及幾個1公分就是幾公分
認識整數數線",認識一毫米
先備關係(Prerequisite),"認識一毫米
測量整公分的長度（基本型）",毫米的實測，估測和比較
先備關係(Prerequisite),認識一毫米,毫米和公分的關係和換算
先備關係(Prerequisite),毫米和公分的關係和換算,毫米和公分的加法
先備關係(Prerequisite),毫米和公分的關係和換算,毫米和公分的減法
先備關係(Prerequisite),"毫米的實測，估測和比較
測量整公分的長度（基本型）",測量及繪製以公分和毫米為單位的長度
先備關係(Prerequisite),"毫米和公分的關係和換算
公分和公尺的關係和換算",毫米和公分、公尺的關係和換算
先備關係(Prerequisite),認識平面圖形的邊、角和頂點,認識角及構成要素
先備關係(Prerequisite),認識角及構成要素,直接比較角的大小
先備關係(Prerequisite),直接比較角的大小,間接比較角的大小
先備關係(Prerequisite),直接比較角的大小,認識並辨別直角
先備關係(Prerequisite),認識並辨別直角,認識並辨別鈍角和銳角
先備關係(Prerequisite),認識並辨別直角,繪製直角
先備關係(Prerequisite),"認識公升及報讀
容量或液量個別單位比較
認識整數數線",認識毫公升及報讀
先備關係(Prerequisite),"認識毫公升及報讀
認識公升及報讀",公升和毫公升的液量估測
先備關係(Prerequisite),認識毫公升及報讀,毫公升的液量估測
先備關係(Prerequisite),容量或液量個別單位比較,認識公升及報讀
先備關係(Prerequisite),認識公升及報讀,公升的液量估測
先備關係(Prerequisite),認識毫公升及報讀,公升和毫公升的關係和換算
先備關係(Prerequisite),公升和毫公升的關係和換算,公升和毫升的大小比較
先備關係(Prerequisite),公升和毫公升的關係和換算,容量的複名數加法（沒有進位）
先備關係(Prerequisite),公升和毫公升的關係和換算,容量的複名數減法（沒有退位）
先備關係(Prerequisite),認識AM及PM,二十四時制與十二時制的換算
先備關係(Prerequisite),認識上午、中午、下午的用語,認識AM及PM
先備關係(Prerequisite),認識1秒鐘,時間的估測
先備關係(Prerequisite),認識鐘面上的1大格和1小格,認識1秒鐘
先備關係(Prerequisite),"認識1秒鐘
點數經過的N小時時間（整點鐘）
解決乘加兩步驟問題（不併式，二、三位數）",時間單位換算（一階單位）
先備關係(Prerequisite),點數經過的N小時時間（幾時幾分）,認識時間和時刻
先備關係(Prerequisite),二位數加二位數（一次進位，個位進十位，和在200以內）,時間量的加法（沒進位）
先備關係(Prerequisite),二位數減二位數（退位，被減數在99以內）,時間量的減法（沒退位）
先備關係(Prerequisite),二位數減二位數（退位，被減數在99以內）,計算兩時刻之間的時間量（沒退位）
先備關係(Prerequisite),二位數加二位數（一次進位，個位進十位，和在200以內）,時刻與時間量的加法（沒進位）
先備關係(Prerequisite),二位數減二位數（退位，被減數在99以內）,時刻與時間量的減法（沒退位）
先備關係(Prerequisite),"認識1公斤秤及報讀
認識3公斤秤及報讀",公斤、公克的重量實測和估測
先備關係(Prerequisite),認識天平，及比較重量,認識重量測量工具
先備關係(Prerequisite),面積的個別單位比較,認識面積和平方公分
先備關係(Prerequisite),實測、點數或計算報讀以平方公分為單位的面,利用切割、重組再點數或計算面積
先備關係(Prerequisite),認識面積和平方公分,面積的估算
先備關係(Prerequisite),重量的個別單位比較,認識公斤
先備關係(Prerequisite),"認識公斤
認識整數數線",認識公克
先備關係(Prerequisite),"認識公斤
認識公克",認識1公斤秤及報讀
先備關係(Prerequisite),認識1公斤秤及報讀,認識3公斤秤及報讀
先備關係(Prerequisite),"認識公斤
認識公克",公斤和公克的關係和換算
先備關係(Prerequisite),公斤和公克的關係和換算,公斤和公克的大小比較
先備關係(Prerequisite),公斤和公克的關係和換算,重量的複名數加法（沒有進位）
先備關係(Prerequisite),公斤和公克的關係和換算,重量的複名數減法（沒有退位）
先備關係(Prerequisite),報讀幾點幾分,報讀幾時幾分幾秒
先備關係(Prerequisite),"毫米和公分的關係和換算
認識一位小數",毫米換算成公分（小數的換算）
先備關係(Prerequisite),"認識一位小數
公升和毫公升的關係和換算",認識0.1公升
先備關係(Prerequisite),認識面積和平方公分,實測、點數或計算報讀以平方公分為單位的面
先備關係(Prerequisite),用任意形狀在方格板上繪製指定大小的面積,繪製指定的長方形面積
先備關係(Prerequisite),實測、點數或計算報讀以平方公分為單位的面,用任意形狀在方格板上繪製指定大小的面積
先備關係(Prerequisite),認識1000以內的數,認識10000以內的數
先備關係(Prerequisite),1000以內數的位值單位換算（幾個百幾個十幾個一）,認識千位及位值單位換算
先備關係(Prerequisite),"認識1000元錢幣及應用
付錢買東西（500元以上）",認識1000元以上的錢數
先備關係(Prerequisite),1000以內的兩數大小比較（含數與算式的比較）,10000以內的兩數大小比較
先備關係(Prerequisite),"繪製指定公分的長度（基本型）
認識10000以內的數",認識整數數線
先備關係(Prerequisite),認識整數數線,在數線上做加減
先備關係(Prerequisite),二位數除以一位數，商為二位數,奇數和偶數
先備關係(Prerequisite),透過連續圖形的變化找規律,透過數字變化找規律
先備關係(Prerequisite),認識分母在12以內的單位分數（連續量）,認識分數、分母、分子(非單位分數)
先備關係(Prerequisite),認識分數、分母、分子(非單位分數),分數的累加（數詞序列）
先備關係(Prerequisite),"單位分數的累加（不超過2）
不含帶分數的同分母分數的大小比較（小於1）",不含帶分數的同分母分數的大小比較（大於1）
先備關係(Prerequisite),分數的累加（數詞序列）,單位分數的累加（不超過2）
先備關係(Prerequisite),分數的累加（數詞序列）,不含帶分數的同分母分數的大小比較（小於1）
先備關係(Prerequisite),分數的累加（數詞序列）,知道N分之N等於1
先備關係(Prerequisite),不含帶分數的同分母分數的大小比較（大於1）,幾個和幾分之幾的大小比較
先備關係(Prerequisite),認識分數、分母、分子(非單位分數),認識一位小數
先備關係(Prerequisite),認識一位小數,零點A＝十分之A
先備關係(Prerequisite),零點A＝十分之A,認識十分位及位值單位換算
先備關係(Prerequisite),認識一位小數,一位小數的大小比較
先備關係(Prerequisite),"理解加減互逆關係及應用
四位數加法(進位)",四位數減法驗算
先備關係(Prerequisite),用線段圖輔助學生理解應用問題,利用線段圖解決四位數加減問題
先備關係(Prerequisite),"十十乘法及應用
一、二位數÷一位數，商為一位數(整除)",初步認識乘除互逆關係
先備關係(Prerequisite),初步認識乘除互逆關係,除法的驗算
先備關係(Prerequisite),初步認識乘除互逆關係,理解乘除互逆關係及應用
先備關係(Prerequisite),理解乘除互逆關係及應用,透過乘除互逆關係解應用題
先備關係(Prerequisite),認識千位及位值單位換算,一億以內數的位值單位換算
先備關係(Prerequisite),認識10000以內的數,認識一億以內的數及數詞序列
先備關係(Prerequisite),10000以內的兩數大小比較,一億以內數的大小比較
先備關係(Prerequisite),"認識一億以內的數及數詞序列
四位數加法(進位)",以萬為單位的加法
先備關係(Prerequisite),"認識一億以內的數及數詞序列
四位數減法(退位)",以萬為單位的減法
先備關係(Prerequisite),三位數乘以一位數（進位）,四位數乘以一位數
先備關係(Prerequisite),"一位數乘以幾十
三位數加三位數（和在1000以上）",一位數乘以二位數
先備關係(Prerequisite),幾十乘以一位數,一位數乘以幾十
先備關係(Prerequisite),一位數乘以二位數,二位數乘以二位數
先備關係(Prerequisite),幾十乘以幾十,二位數乘以幾十
先備關係(Prerequisite),四位數乘以三位數,乘數和被乘數末幾位有零的規則
先備關係(Prerequisite),一位數乘以二位數,一位數乘以三位數
先備關係(Prerequisite),二位數乘以幾百,二位數乘以三位數
先備關係(Prerequisite),二位數乘以幾十,二位數乘以幾百
先備關係(Prerequisite),一位數乘以幾十,幾十乘以幾十
先備關係(Prerequisite),二位數乘以幾十,三位數乘以幾十
先備關係(Prerequisite),三位數乘以二位數,四位數乘以二位數
先備關係(Prerequisite),"使用量角器量角和畫角
認識並辨別鈍角和銳角
認識並辨別直角",知道直角、鈍角和銳角的定義
先備關係(Prerequisite),認識旋轉角,認識並辨別周角
先備關係(Prerequisite),知道直角、鈍角和銳角的定義,角度的估測
先備關係(Prerequisite),使用量角器量角和畫角,角度的計算
先備關係(Prerequisite),知道直角、鈍角和銳角的定義,認識並辨別平角
先備關係(Prerequisite),認識角及構成要素,認識旋轉角
先備關係(Prerequisite),"認識整數數線
認識角及構成要素",認識量角器
先備關係(Prerequisite),認識旋轉角,認識順時針方向和逆時針方向
先備關係(Prerequisite),認識順時針方向和逆時針方向,認識鐘面上的角度
先備關係(Prerequisite),認識量角器,使用量角器量角和畫角
先備關係(Prerequisite),使用量角器量角和畫角,認識三角板上的角度
先備關係(Prerequisite),認識真分數和假分數,認識帶分數
先備關係(Prerequisite),認識分數、分母、分子(非單位分數),認識真分數和假分數
先備關係(Prerequisite),一、二位數÷一位數，商為一位數(有餘數),二位數÷二位數的估商
先備關係(Prerequisite),三位數除以一位數,四位數除以一位數
先備關係(Prerequisite),三位數除以二位數,四位數除以二位數
先備關係(Prerequisite),"認識並辨別鈍角和銳角
測量及繪製以公分和毫米為單位的長度",由邊或角來辨認三角形
先備關係(Prerequisite),由邊或角來辨認三角形,認識直角三角形及其特性
先備關係(Prerequisite),由邊或角來辨認三角形,認識等腰直角三角形及其特性
先備關係(Prerequisite),由邊或角來辨認三角形,認識鈍角三角形及其特性
先備關係(Prerequisite),"認識直角三角形及其特性
測量及繪製以公分和毫米為單位的長度",繪製直角三角形
先備關係(Prerequisite),"認識等腰三角形及其特性
測量及繪製以公分和毫米為單位的長度",繪製等腰三角形
先備關係(Prerequisite),"認識等腰直角三角形及其特性
測量及繪製以公分和毫米為單位的長度",繪製等腰直角三角形
先備關係(Prerequisite),公分和公尺的關係和換算,公里和公尺的關係和換算（沒有小數點）
先備關係(Prerequisite),公里和公尺的關係和換算（沒有小數點）,公里和公分的關係和換算
先備關係(Prerequisite),"公里和公尺的關係和換算（沒有小數點）
毫米和公分的加法",公里和公尺的加法
先備關係(Prerequisite),直觀認識正三角形、正方形和長方形特性,認識三角形的邊、角和頂點
先備關係(Prerequisite),"一、二位數÷一位數，商為一位數(有餘數)
二位數÷二位數的估商
二位數乘以一位數（進位）",二位數除以二位數
先備關係(Prerequisite),二位數除以二位數,三位數除以二位數
先備關係(Prerequisite),"認識帶分數
認識整數數線",認識分數數線
先備關係(Prerequisite),"三位數除以二位數
三位數乘以一位數（進位）",三位數除以三位數
先備關係(Prerequisite),透過數字變化找規律,在二維表格上找到數的規律
先備關係(Prerequisite),由邊或角來辨認三角形,認識正三角形及其特性
先備關係(Prerequisite),由邊或角來辨認三角形,認識等腰三角形及其特性
先備關係(Prerequisite),由邊或角來辨認三角形,認識銳角三角形及其特性
先備關係(Prerequisite),認識一位小數,認識二位小數
先備關係(Prerequisite),認識十分位及位值單位換算,認識百分位及位值單位換算
先備關係(Prerequisite),一位小數的大小比較,二位小數的大小比較
先備關係(Prerequisite),"毫米換算成公分（小數的換算）
認識0.1公升",小數與量的換算（如：1公分＝0.01公尺）
先備關係(Prerequisite),"認識平面圖形的邊、角和頂點
做平面圖形的平移、翻轉、重疊、比對…全等的活動",認識全等圖形及對應角、對應邊、對應點
先備關係(Prerequisite),一位小數加法,二位小數加法
先備關係(Prerequisite),一位小數減法,二位小數減法
先備關係(Prerequisite),認識有括號的先算,認識先乘除後加減的計算
先備關係(Prerequisite),"認識帶分數
知道N分之N等於1",帶分數和假分數的互換
先備關係(Prerequisite),同分母分數的加法,同分母分數的加法（有帶分數）
先備關係(Prerequisite),"同分母分數的減法
帶分數和假分數的互換",同分母分數的減法（有帶分數）
先備關係(Prerequisite),"認識整數數線
零點A＝十分之A",認識一位小數的小數數線
先備關係(Prerequisite),"假分數乘以整數
帶分數和假分數的互換",帶分數乘以整數
先備關係(Prerequisite),認識及報讀長條圖,報讀複雜長條圖（資料圖左右疊）
先備關係(Prerequisite),認識1公尺及公尺的量感,認識1公里及公里的量感
先備關係(Prerequisite),交叉對應表格,認識及報讀長條圖
先備關係(Prerequisite),認識及報讀長條圖,繪製長條圖
先備關係(Prerequisite),認識及報讀長條圖,認識及報讀折線圖
先備關係(Prerequisite),"公里和公尺的關係和換算（沒有小數點）
四位數乘以一位數",公里和公尺的乘法
先備關係(Prerequisite),"公里和公尺的關係和換算（沒有小數點）
毫米和公分的減法",公里和公尺的減法
先備關係(Prerequisite),"公里和公尺的關係和換算（沒有小數點）
四位數除以二位數",公里和公尺的除法
先備關係(Prerequisite),一位數乘以幾十,一位數乘以幾百
先備關係(Prerequisite),二位數乘以三位數,三位數乘以三位數
先備關係(Prerequisite),三位數乘以三位數,四位數乘以三位數
先備關係(Prerequisite),三位數除以三位數,四位數除以三位數
先備關係(Prerequisite),"四位數加法估算
四位數減法估算
認識一億以內的數及數詞序列",認識概數
先備關係(Prerequisite),"認識概數
認識一億以內的數及數詞序列",四捨五入法
先備關係(Prerequisite),"二位數乘以二位數
三位數乘以幾十",三位數乘以二位數
先備關係(Prerequisite),四位數除以三位數,除數和被除數末幾位有零的規則
先備關係(Prerequisite),"認識概數
認識一億以內的數及數詞序列",無條件捨去法
先備關係(Prerequisite),"認識概數
認識一億以內的數及數詞序列",無條件進入法
先備關係(Prerequisite),"四捨五入法
無條件捨去法
無條件進入法",概數的應用
先備關係(Prerequisite),認識互相垂直,繪製互相垂直的直線
先備關係(Prerequisite),"認識互相平行
繪製互相垂直的直線",繪製互相平行的直線
先備關係(Prerequisite),認識並辨別直角,認識互相垂直
先備關係(Prerequisite),認識互相垂直,認識互相平行
先備關係(Prerequisite),"解決加乘兩步驟問題（不併式）
解決減乘兩步驟問題（不併式）
解決加除兩步驟問題（不併式）
解決減除兩步驟問題（不併式）",認識有括號的先算
先備關係(Prerequisite),認識三角形的邊、角和頂點,認識四邊形及對邊、鄰邊和對角
先備關係(Prerequisite),認識四邊形及對邊、鄰邊和對角,認識各種四邊形及辨認
先備關係(Prerequisite),認識各種四邊形及辨認,認識對角線
先備關係(Prerequisite),"認識對角線
認識全等圖形及對應角、對應邊、對應點",四邊形對角線剪開後的全等關係
先備關係(Prerequisite),"認識各種四邊形及辨認
繪製互相平行的直線",繪製平行四邊形
先備關係(Prerequisite),"認識各種四邊形及辨認
繪製互相平行的直線",繪製正方形(已學會畫平行線)
先備關係(Prerequisite),"認識各種四邊形及辨認
繪製互相平行的直線",繪製長方形(已學會畫平行線)
先備關係(Prerequisite),"認識各種四邊形及辨認
繪製互相平行的直線",繪製指定四邊形
先備關係(Prerequisite),"解決連加兩步驟問題（不併式）
解決連減兩步驟問題（不併式）
解決連乘兩步驟問題（不併式）",認識由左而右的計算
先備關係(Prerequisite),解決加減混合兩步驟問題（不併式）,先加再減與先減再加的結果相同
先備關係(Prerequisite),認識由左而右的計算,先乘後除與先除後乘的結果相同
先備關係(Prerequisite),解決連加兩步驟問題（不併式）,連加的順序可交換
先備關係(Prerequisite),解決連減兩步驟問題（不併式）,連減的順序可交換
先備關係(Prerequisite),解決連乘兩步驟問題（不併式）,三數相乘，順序改變不影響其積
先備關係(Prerequisite),"認識各種四邊形及辨認
繪製互相平行的直線",繪製梯形
先備關係(Prerequisite),"認識各種四邊形及辨認
繪製互相平行的直線",繪製菱形
先備關係(Prerequisite),帶分數乘以整數,解決分數的整數倍兩步驟問題（不併式）
先備關係(Prerequisite),真分數乘以整數,假分數乘以整數
先備關係(Prerequisite),同分母分數的加法,真分數乘以整數
先備關係(Prerequisite),"藉由顏色或圖形變化找規律
做平面圖形的平移、翻轉、重疊、比對…全等的活動",在二維圖上找到圖的規律
先備關係(Prerequisite),認識及報讀長條圖,認識省略符號
先備關係(Prerequisite),認識體積,直觀比較體積的大小
先備關係(Prerequisite),無,認識體積
先備關係(Prerequisite),直觀比較體積的大小,體積的個別單位比較
先備關係(Prerequisite),三位數乘以二位數,一位小數乘以二位整數
先備關係(Prerequisite),二位小數乘以二位整數,小數乘以整數之小數點位置關係
先備關係(Prerequisite),三位數乘以一位數（進位）,一位小數乘以一位整數
先備關係(Prerequisite),一位小數乘以一位整數,二位小數乘以一位整數
先備關係(Prerequisite),體積的個別單位比較,點數排成四角柱的形體
先備關係(Prerequisite),點數排成四角柱的形體,認識1立方公分，並進行形體的堆疊
先備關係(Prerequisite),認識1立方公分，並進行形體的堆疊,點算複雜複合形體的體積
先備關係(Prerequisite),一位小數乘以二位整數,二位小數乘以二位整數
先備關係(Prerequisite),二位小數乘以二位整數,解決小數的整數倍兩步驟問題（不併式）
先備關係(Prerequisite),認識一位小數的小數數線,繪製一位小數的數線並紀錄
先備關係(Prerequisite),認識一位小數的小數數線,認識二位以上小數的小數數線
先備關係(Prerequisite),"實測、點數或計算報讀以平方公分為單位的面
正方形和長方形的特性及構成要素",認識正方形面積公式
先備關係(Prerequisite),"實測、點數或計算報讀以平方公分為單位的面
正方形和長方形的特性及構成要素",認識長方形面積公式
先備關係(Prerequisite),正方形和長方形的特性及構成要素,正方形周長公式
先備關係(Prerequisite),"正方形和長方形的特性及構成要素
認識有括號的先算",長方形周長公式
先備關係(Prerequisite),認識面積和平方公分,平方公尺
先備關係(Prerequisite),"認識正方形面積公式
認識長方形面積公式",長方形和正方形的複合圖形面積
先備關係(Prerequisite),平方公尺,平方公尺與平方公分的換算
先備關係(Prerequisite),"正方形周長公式
長方形周長公式",正方形或長方形的複合圖形周長
先備關係(Prerequisite),知道N分之N等於1,認識等值分數
先備關係(Prerequisite),找出等值分數,異分母分數的大小比較（有數線或圖形輔助）
先備關係(Prerequisite),異分母分數的大小比較（有數線或圖形輔助）,透過線段圖解決異分母分數的計算
先備關係(Prerequisite),認識等值分數,找出等值分數
先備關係(Prerequisite),認識百分位及位值單位換算,小數換分數（二位以下小數）
先備關係(Prerequisite),找出等值分數,分數換小數（分母為2、5、10、100的分數）
先備關係(Prerequisite),"正方形周長公式
長方形周長公式
認識正方形面積公式
認識長方形面積公式",面積和周長的關係
先備關係(Prerequisite),"正方形周長公式
長方形周長公式
認識正方形面積公式
認識長方形面積公式",長方形和正方形面積公式的應用（如：用面積求邊長、用周長求面積）
先備關係(Prerequisite),帶分數和假分數的互換,含帶分數的同分母分數的大小比較
先備關係(Prerequisite),解決連減兩步驟問題（不併式）,連減兩數相當於減此兩數之和
先備關係(Prerequisite),時間單位換算（一階單位）,時間單位換算（二階單位）
先備關係(Prerequisite),時間量的減法（沒退位）,時間量的減法（有退位）
先備關係(Prerequisite),計算兩時刻之間的時間量（沒退位）,計算兩時刻之間的時間量（有退位）
先備關係(Prerequisite),計算兩時刻之間的時間量（有退位）,時刻與時刻的跨日計算
先備關係(Prerequisite),時間量的加法（沒進位）,時間量的加法（有進位）
先備關係(Prerequisite),時刻與時間量的加法（沒進位）,時刻與時間量的加法（有進位）
先備關係(Prerequisite),"時刻與時間量的減法（有退位）
時刻與時間量的加法（沒進位）",時刻與時間量的跨日計算
先備關係(Prerequisite),時刻與時間量的減法（沒退位）,時刻與時間量的減法（有退位）
先備關係(Prerequisite),奇數和偶數,奇數和偶數的相加和相乘關係
先備關係(Prerequisite),奇數和偶數,奇數和奇數的相加和相減關係
先備關係(Prerequisite),無,以文字表示數學公式
先備關係(Prerequisite),認識二位小數,認識三位小數
先備關係(Prerequisite),報讀複雜長條圖（資料圖左右疊）,報讀含有省略符號的複雜長條圖
先備關係(Prerequisite),報讀複雜折線圖,報讀含有省略符號的複雜折線圖
先備關係(Prerequisite),"認識及報讀折線圖
認識及報讀長條圖",報讀長條圖和折線圖同時呈現的統計圖
先備關係(Prerequisite),繪製折線圖,繪製複雜折線圖
先備關係(Prerequisite),二位小數加法,三位小數加法
先備關係(Prerequisite),二位小數加法,多位小數加法
先備關係(Prerequisite),二位小數減法,三位小數減法
先備關係(Prerequisite),二位小數減法,多位小數減法
先備關係(Prerequisite),四捨五入法,小數取概數
先備關係(Prerequisite),認識一兆以內的數,認識一兆以上的數
先備關係(Prerequisite),以萬為單位的加法,以萬、億、兆為單位的加法
先備關係(Prerequisite),以萬為單位的減法,以萬、億、兆為單位的減法
先備關係(Prerequisite),"除數和被除數末幾位有零的規則
數的十進結構",熟悉十進位系統解決末位有零的除法
先備關係(Prerequisite),一、二位數÷一位數，商為一位數(有餘數),整除
先備關係(Prerequisite),整除,因數
先備關係(Prerequisite),"因數
倍數",因數和倍數的關係
先備關係(Prerequisite),因數,有特定範圍的因數應用
先備關係(Prerequisite),倍數,有特定範圍的倍數應用
先備關係(Prerequisite),十十乘法及應用,倍數
先備關係(Prerequisite),公分的加法,三角形兩邊長的和大於第三邊
先備關係(Prerequisite),倍數,2、3、5……的倍數判別
先備關係(Prerequisite),角度的計算,三角形內角和及應用
先備關係(Prerequisite),三角形內角和及應用,多邊形內角和及應用
先備關係(Prerequisite),倍數,公倍數
先備關係(Prerequisite),公倍數,認識最小公倍數
先備關係(Prerequisite),因數,公因數
先備關係(Prerequisite),公因數,認識最大公因數
先備關係(Prerequisite),"異分母分數的大小比較（有數線或圖形輔助）
通分",異分母分數的大小比較（沒有數線或圖形輔助）
先備關係(Prerequisite),"擴分
約分",通分
先備關係(Prerequisite),"公倍數
公因數",公因數和公倍數的應用
先備關係(Prerequisite),正方形和長方形的特性及構成要素,認識多邊形
先備關係(Prerequisite),認識多邊形,認識正多邊形
先備關係(Prerequisite),角柱的構成要素,角柱的展開圖
先備關係(Prerequisite),分辨角錐和圓錐,錐體的命名
先備關係(Prerequisite),柱體的命名,角柱的各部位名稱
先備關係(Prerequisite),柱體的命名,圓柱的各部位名稱
先備關係(Prerequisite),柱體的命名,柱體的透視圖
先備關係(Prerequisite),多邊形內角和及應用,求多邊形其中一內角
先備關係(Prerequisite),角錐的構成要素,角錐的展開圖
先備關係(Prerequisite),錐體的命名,角錐的各部位名稱
先備關係(Prerequisite),錐體的命名,錐體的透視圖
先備關係(Prerequisite),"用分數表示整數相除的結果（並做分數計算）
認識圓心角",幾分之幾圓的扇形
先備關係(Prerequisite),"認識角及構成要素
使用圓規畫圓",扇形的構成要素
先備關係(Prerequisite),"扇形的構成要素
使用量角器量角和畫角",認識圓心角
先備關係(Prerequisite),認識圓心、圓周、半徑、直徑,認識球體
先備關係(Prerequisite),通分,異分母分數的加法
先備關係(Prerequisite),"認識由左而右的計算
認識有括號的先算
認識先乘除後加減的計算",解決四則混合多步驟問題
先備關係(Prerequisite),"認識由左而右的計算
認識有括號的先算
認識先乘除後加減的計算",乘法對加法的分配律之簡化計算
先備關係(Prerequisite),"認識由左而右的計算
認識有括號的先算
認識先乘除後加減的計算",乘法對減法的分配律之簡化計算
先備關係(Prerequisite),用分數表示整數相除的結果,用分數表示整數相除的結果（並做分數計算）
先備關係(Prerequisite),認識線對稱圖形和對稱軸,認識常見的多邊形對稱性質
先備關係(Prerequisite),"找出等值分數
公倍數",擴分
先備關係(Prerequisite),"找出等值分數
公因數",約分
先備關係(Prerequisite),認識線對稱圖形和對稱軸,認識對稱點、對稱邊和對稱角
先備關係(Prerequisite),三數相乘，順序改變不影響其積,解決連乘多步驟問題
先備關係(Prerequisite),連減的順序可交換,解決連減多步驟問題
先備關係(Prerequisite),"連除兩數等於除以兩數之積
連除兩數的順序交換結果不變",解決連除多步驟問題
先備關係(Prerequisite),"認識由左而右的計算
認識有括號的先算
認識先乘除後加減的計算",平均問題
先備關係(Prerequisite),通分,異分母分數的減法
先備關係(Prerequisite),"先加再減與先減再加的結果相同
乘法對加法的分配律之簡化計算
乘法對減法的分配律之簡化計算",將算式中的數拆成末位有0的數和另一個數
先備關係(Prerequisite),解決連除多步驟問題,連除兩數等於除以兩數之積
先備關係(Prerequisite),解決連除多步驟問題,連除兩數的順序交換結果不變
先備關係(Prerequisite),認識互相垂直,平行四邊形的高
先備關係(Prerequisite),連加的順序可交換,解決連加多步驟問題
先備關係(Prerequisite),認識三角形面積公式,三角形底、高和面積的三者關係
先備關係(Prerequisite),平行四邊形的高,三角形的高
先備關係(Prerequisite),認識梯形面積公式,梯形上下底和、高與面積的三者間的關係
先備關係(Prerequisite),"梯形的高
認識平行四邊形公式",認識梯形面積公式
先備關係(Prerequisite),認識長方形面積公式,對角線互向垂直的四邊形面積公式
先備關係(Prerequisite),認識平行四邊形公式,平行四邊形底、高和面積的三者間的關係
先備關係(Prerequisite),"平行四邊形的高
認識長方形面積公式
利用切割、重組再點數或計算面積",認識平行四邊形公式
先備關係(Prerequisite),"時間單位換算（二階單位）
二位數乘以二位數",時和分的乘法
先備關係(Prerequisite),"三角形的高
認識平行四邊形公式",認識三角形面積公式
先備關係(Prerequisite),"時間單位換算（二階單位）
一、二位數÷一位數，商為一位數(有餘數)",日和時的除法
先備關係(Prerequisite),"時間單位換算（二階單位）
一、二位數÷一位數，商為一位數(有餘數)",時和分的除法
先備關係(Prerequisite),用分數表示整數相除的結果,整數乘以幾分之一
先備關係(Prerequisite),平行四邊形的高,梯形的高
先備關係(Prerequisite),"分和秒的乘法
時和分的乘法
日和時的乘法
分和秒的除法
時和分的除法
日和時的除法
時間除以時間",時間的四則或多步驟計算
先備關係(Prerequisite),"認識梯形面積公式
認識平行四邊形公式
認識三角形面積公式",三角形、長方形、平行四邊形和梯形的複合圖形面積
先備關係(Prerequisite),正方體和長方體的構成要素,立體形體的分類
先備關係(Prerequisite),錐體的命名,圓錐的各部位名稱
先備關係(Prerequisite),正方體和長方體的構成要素,認識視圖和透視圖
先備關係(Prerequisite),角柱的各部位名稱,角柱的構成要素
先備關係(Prerequisite),"認識互相平行
認識互相垂直",長方體和正方體邊和邊的關係
先備關係(Prerequisite),長方體和正方體面和面的關係,角柱面和面的關係
先備關係(Prerequisite),"認識互相平行
認識互相垂直",長方體和正方體面和面的關係
先備關係(Prerequisite),"長方體和正方體邊和邊的關係
長方體和正方體面和面的關係",長方體和正方體邊和面的關係
先備關係(Prerequisite),圓柱的構成要素,圓柱的展開圖
先備關係(Prerequisite),圓錐的構成要素,圓錐的展開圖
先備關係(Prerequisite),"正方體和長方體的構成要素
長方體和正方體面和面的關係",正方體的展開圖
先備關係(Prerequisite),"正方體和長方體的構成要素
長方體和正方體面和面的關係",長方體的展開圖
先備關係(Prerequisite),"長方體的展開圖
認識長方形面積公式",長方體的表面積
先備關係(Prerequisite),"認識分數、分母、分子(非單位分數)
帶分數和假分數的互換",用分數表示整數相除的結果
先備關係(Prerequisite),點數排成四角柱的形體,正方體的體積公式
先備關係(Prerequisite),點數排成四角柱的形體,長方體的體積公式
先備關係(Prerequisite),用分數表示整數相除的結果,用分數表示整數相除的結果（求得分數再乘以整數）
先備關係(Prerequisite),認識1立方公分，並進行形體的堆疊,認識1立方公尺
先備關係(Prerequisite),認識1立方公尺,立方公尺與立方公分的關係和換算
先備關係(Prerequisite),認識多位小數（三位以上）,三位小數的大小比較
先備關係(Prerequisite),認識多位小數（三位以上）,多位小數的大小比較
先備關係(Prerequisite),小數與量的換算（如：1公分＝0.01公尺）,小數與量的換算（如：1500毫公升=0.15公升）
先備關係(Prerequisite),認識三位小數,認識多位小數（三位以上）
先備關係(Prerequisite),認識多位小數（三位以上）,公里和公尺的關係和換算（有小數點）
先備關係(Prerequisite),分數乘以分數,分數乘法中，被乘數、乘數和積的關係
先備關係(Prerequisite),分數乘以分數,解決分數的兩步驟問題（不併式）
先備關係(Prerequisite),"正方體的體積公式
長方體的體積公式",長方體或正方體構成的複合形體體積的計算
先備關係(Prerequisite),"乘數和被乘數末幾位有零的規則
數的十進結構",熟悉十進位系統解決末位有零的乘法
先備關係(Prerequisite),二位小數乘以二位整數,三位小數乘以二位整數
先備關係(Prerequisite),整數乘以一位小數,整數乘以二位以上小數
先備關係(Prerequisite),二位小數乘以一位整數,三位小數乘以一位整數
先備關係(Prerequisite),三位小數乘以二位整數,四位以上小數乘以二位以上整數
先備關係(Prerequisite),三位小數乘以一位整數,四位以上小數乘以一位整數
先備關係(Prerequisite),整數乘以幾分之一,整數乘以分數
先備關係(Prerequisite),一位小數乘以二位整數,整數乘以一位小數
先備關係(Prerequisite),整數乘以二位以上小數,整數乘以小數之小數點位置關係
先備關係(Prerequisite),整數乘以分數,分數乘以分數
先備關係(Prerequisite),整數乘以二位以上小數,小數乘以小數
先備關係(Prerequisite),分數乘以分數,分數除以整數
先備關係(Prerequisite),長方體的體積公式,認識容積及計算容器的容積
先備關係(Prerequisite),幾分之幾圓的扇形,扇形的比較及應用
先備關係(Prerequisite),容積、容量、液量和體積的關係和換算,物體的體積與排水量
先備關係(Prerequisite),"認識容積及計算容器的容積
公升和毫公升的關係和換算",容積、容量、液量和體積的關係和換算
先備關係(Prerequisite),容積、容量、液量和體積的關係和換算,計算容器的容量
先備關係(Prerequisite),"長方體的體積公式
容積、容量、液量和體積的關係和換算",計算有蓋或無蓋容器的容積或容量
先備關係(Prerequisite),長方體的體積公式,液體在容器內水面的高度
先備關係(Prerequisite),"使用量角器量角和畫角
使用圓規畫圓",繪製扇形
先備關係(Prerequisite),公升和毫公升的關係和換算,公秉的換算
先備關係(Prerequisite),"小數乘以小數
小數乘以整數之小數點位置關係
整數乘以小數之小數點位置關係",小數乘法中，被乘數、乘數和積的關係
先備關係(Prerequisite),四位數除以三位數,整數除以整數，商為小數
先備關係(Prerequisite),整數除以整數，商為小數,小數除以一位整數
先備關係(Prerequisite),小數除以一位整數,小數除以二位以上整數
先備關係(Prerequisite),小數除以二位以上整數,小數除以整數之小數點位置關係
先備關係(Prerequisite),"認識一兆以上的數
認識多位小數（三位以上）",數的十進結構
先備關係(Prerequisite),認識一億以內的數及數詞序列,認識一兆以內的數
先備關係(Prerequisite),公斤和公克的關係和換算,公噸和公斤的換算
先備關係(Prerequisite),平方公尺與平方公分的換算,公畝與平方公尺的換算
先備關係(Prerequisite),公畝與平方公尺的換算,公頃與公畝、平方公尺的換算
先備關係(Prerequisite),公頃與公畝、平方公尺的換算,平方公里與公頃、公畝、平方公尺的換算
先備關係(Prerequisite),"整數除以整數，商為小數
用分數表示整數相除的結果",分數換小數
先備關係(Prerequisite),"認識三位小數
約分",小數換分數
先備關係(Prerequisite),"時間單位換算（二階單位）
二位數乘以二位數",分和秒的乘法
先備關係(Prerequisite),"時間單位換算（二階單位）
二位數乘以二位數",日和時的乘法
先備關係(Prerequisite),"時間單位換算（二階單位）
一、二位數÷一位數，商為一位數(有餘數)",分和秒的除法
先備關係(Prerequisite),立體形體的分類,分辨柱體和錐體
先備關係(Prerequisite),立體形體的分類,分辨角柱和圓柱
先備關係(Prerequisite),立體形體的分類,分辨角錐和圓錐
先備關係(Prerequisite),圓柱的各部位名稱,圓柱的構成要素
先備關係(Prerequisite),圓錐的各部位名稱,圓錐的構成要素
先備關係(Prerequisite),分辨角柱和圓柱,柱體的命名
先備關係(Prerequisite),"正方體的展開圖
認識正方形面積公式",正方體的表面積
先備關係(Prerequisite),正方體和長方體的構成要素,認識立體的邊、面和頂點
先備關係(Prerequisite),初步認識長方體和正方體的構成要素,正方體和長方體的構成要素
先備關係(Prerequisite),角錐的各部位名稱,角錐的構成要素
先備關係(Prerequisite),角錐的構成要素,認識正四面體
先備關係(Prerequisite),"長方體的表面積
正方體的表面積",複合形體的表面積
先備關係(Prerequisite),長方體和正方體面和面的關係,角錐面和面的關係
先備關係(Prerequisite),"用分數表示整數相除的結果
分數換小數",認識比率
先備關係(Prerequisite),認識比率,認識百分率（如：投資報酬率、銀行存款利率）
先備關係(Prerequisite),認識百分率（如：投資報酬率、銀行存款利率）,分數和百分率的轉換
先備關係(Prerequisite),認識百分率（如：投資報酬率、銀行存款利率）,小數和百分率的轉換
先備關係(Prerequisite),認識百分率（如：投資報酬率、銀行存款利率）,百分率的應用（如：加成、打折、濃度問題）
先備關係(Prerequisite),"時間單位換算（二階單位）
四位數除以三位數",時間除以時間
先備關係(Prerequisite),認識及報讀折線圖,報讀複雜折線圖
先備關係(Prerequisite),報讀複雜長條圖（資料圖左右疊）,報讀複雜長條圖（資料圖上下疊）
先備關係(Prerequisite),認識對稱點、對稱邊和對稱角,繪製或製作線對稱圖形
先備關係(Prerequisite),認識全等圖形及對應角、對應邊、對應點,認識線對稱圖形和對稱軸
先備關係(Prerequisite),認識及報讀折線圖,繪製折線圖
先備關係(Prerequisite),繪製長條圖,繪製複雜長條圖
先備關係(Prerequisite),時間單位換算（二階單位）,時間單位換算（分數和小數）
先備關係(Prerequisite),以文字表示數學公式,以符號表示數學公式
先備關係(Prerequisite),因數,質數和合數
先備關係(Prerequisite),質數和合數,質因數
先備關係(Prerequisite),質因數,質因數分解
先備關係(Prerequisite),因數,互質
先備關係(Prerequisite),"質因數分解
認識最大公因數",用短除法求最大公因數
先備關係(Prerequisite),"質因數分解
認識最小公倍數",用短除法求最小公倍數
先備關係(Prerequisite),"約分
互質",最簡分數
先備關係(Prerequisite),整數除以分數,分數除以分數（異分母分數）
先備關係(Prerequisite),"分數除以分數（同分母分數）
知道N分之N等於1",整數除以分數
先備關係(Prerequisite),分數除以分數（異分母分數）,利用分數除法求全量或單位量（由題意決定）
先備關係(Prerequisite),分數除以整數,分數除以分數（同分母分數）
先備關係(Prerequisite),分數除以分數（異分母分數）,分數除法中，被除數、除數和商的關係
先備關係(Prerequisite),小數除以一位小數（無餘數）,小數除以二位以上小數（無餘數）
先備關係(Prerequisite),整數除以整數，商為小數,整數除以一位小數（無餘數）
先備關係(Prerequisite),整數除以一位小數（無餘數）,整數除以二位以上小數（無餘數）
先備關係(Prerequisite),整數除以一位小數（無餘數）,小數除以一位小數（無餘數）
先備關係(Prerequisite),在二維表格上找到數的規律,解決較複雜的規律模式(植樹問題、座位問題、火柴棒問題…)
先備關係(Prerequisite),以符號表示數學公式,差不變
先備關係(Prerequisite),小數除以二位以上小數（無餘數）,小數除法中，被除數、除數和商的關係
先備關係(Prerequisite),無,較複雜的計數(加法原理)
先備關係(Prerequisite),以符號表示數學公式,商不變
先備關係(Prerequisite),小數除以二位以上小數（無餘數）,小數除法概算（先算再取概數）
先備關係(Prerequisite),以符號表示數學公式,積不變
先備關係(Prerequisite),最簡單整數比,比的應用
先備關係(Prerequisite),"相等的比
最簡分數",最簡單整數比
先備關係(Prerequisite),認識比率,比值
先備關係(Prerequisite),小數除以二位以上小數（無餘數）,利用小數除法求全量或單位量（由題意決定）
先備關係(Prerequisite),認識比率,比
先備關係(Prerequisite),扇形弧長,扇形周長
先備關係(Prerequisite),"認識圓周率及圓周長公式
幾分之幾圓的扇形",扇形弧長
先備關係(Prerequisite),比值,相等的比
先備關係(Prerequisite),比的應用,正比的應用（比例式）
先備關係(Prerequisite),認識基準量、比較量和比值，及求比值,求基準量
先備關係(Prerequisite),認識基準量、比較量和比值，及求比值,求比較量
先備關係(Prerequisite),扇形的面積計算,利用扇形周長（圓周長）求面積
先備關係(Prerequisite),"認識圓面積公式
幾分之幾圓的扇形",扇形的面積計算
先備關係(Prerequisite),求比較量,兩量的和（母子和）
先備關係(Prerequisite),求比較量,兩量的差（母子差）
先備關係(Prerequisite),認識圓周率及圓周長公式,由圓周長求直徑和半徑
先備關係(Prerequisite),扇形的面積計算,扇形的複合圖形面積
先備關係(Prerequisite),認識比率,認識基準量、比較量和比值，及求比值
先備關係(Prerequisite),兩量的差（母子差）,由兩量差（母子差）求基準量
先備關係(Prerequisite),"認識圓心、圓周、半徑、直徑
測量整公分的長度（基本型）",認識及測量直徑和圓周長
先備關係(Prerequisite),"整數除以整數，商為小數
比值
認識及測量直徑和圓周長",認識圓周率
先備關係(Prerequisite),整數乘以二位以上小數,認識圓面積公式
先備關係(Prerequisite),認識速率,速率的換算
先備關係(Prerequisite),"認識速率
比值",時間、速率和距離的關係
先備關係(Prerequisite),時間單位換算（分數和小數）,認識速率
先備關係(Prerequisite),認識速率,速率的快慢比較
先備關係(Prerequisite),認識速率,速率的應用
先備關係(Prerequisite),認識圓面積公式,與圓相關的複合圖形的周長
先備關係(Prerequisite),認識全等圖形及對應角、對應邊、對應點,認識縮圖和放大圖
先備關係(Prerequisite),"認識縮圖和放大圖
比的應用",認識比例尺
先備關係(Prerequisite),解決連乘兩步驟問題（不併式）,較複雜的計數(乘法原理)
先備關係(Prerequisite),"較複雜的計數(加法原理)
較複雜的計數(乘法原理)",較複雜的計數(混合型)
先備關係(Prerequisite),由兩量差（母子差）求基準量,年齡問題
先備關係(Prerequisite),以符號表示數學公式,和不變
先備關係(Prerequisite),平均問題,和差問題
先備關係(Prerequisite),認識縮圖和放大圖,認識相似圖形的對應點、對應角和對應邊
先備關係(Prerequisite),認識比例尺,相似圖形的縮放率與面積的倍率關係
先備關係(Prerequisite),"解決連減多步驟問題
異分母分數的減法",解決分數的連減
先備關係(Prerequisite),"解決小數的四則混合
認識有括號的先算",解決小數「有括號」的四則混合
先備關係(Prerequisite),"先乘後除與先除後乘的結果相同
小數乘以小數
小數除以二位以上小數（無餘數）",解決小數的乘除混合
先備關係(Prerequisite),"先加再減與先減再加的結果相同
三位小數加法
三位小數減法",解決小數的加減混合
先備關係(Prerequisite),"解決小數的加減混合
解決小數的乘除混合
認識先乘除後加減的計算",解決小數的四則混合
先備關係(Prerequisite),"解決連乘多步驟問題
小數乘以小數",解決小數的連乘
先備關係(Prerequisite),"解決連加多步驟問題
三位小數加法",解決小數的連加
先備關係(Prerequisite),"解決連減多步驟問題
三位小數減法",解決小數的連減
先備關係(Prerequisite),"解決連除多步驟問題
小數除以二位以上小數（無餘數）",解決小數的連除
先備關係(Prerequisite),"解決分數的四則混合
認識有括號的先算",解決分數「有括號」的四則混合
先備關係(Prerequisite),"先乘後除與先除後乘的結果相同
分數乘以分數
分數除以分數（異分母分數）",解決分數的乘除混合
先備關係(Prerequisite),"解決連乘多步驟問題
分數乘以分數",解決分數的連乘
先備關係(Prerequisite),"解決連加多步驟問題
異分母分數的加法",解決分數的連加
先備關係(Prerequisite),"解決連除多步驟問題
分數除以分數（異分母分數）",解決分數的連除
先備關係(Prerequisite),"解決小數「有括號」的四則混合
解決分數「有括號」的四則混合",解決分數和小數的四則混合
先備關係(Prerequisite),解決分數和小數的四則混合,利用約分和巧算解決分數和小數的四則混合
先備關係(Prerequisite),"先加再減與先減再加的結果相同
異分母分數的加法
異分母分數的減法",解決分數的加減混合
先備關係(Prerequisite),"解決分數的加減混合
解決分數的乘除混合
認識先乘除後加減的計算",解決分數的四則混合
先備關係(Prerequisite),長方體的體積公式,柱體的體積公式
先備關係(Prerequisite),認識圓周率,認識圓周率及圓周長公式
先備關係(Prerequisite),利用切割、重組再點數或計算面積,估算曲線邊的圖形面積
先備關係(Prerequisite),"柱體的體積公式
認識三角形面積公式
認識梯形面積公式
認識平行四邊形公式
扇形的面積計算",有圓柱、三角柱等複合形體體積的計算
先備關係(Prerequisite),有圓柱、三角柱等複合形體體積的計算,中空柱體或中空容器的體積計算
先備關係(Prerequisite),認識圓面積公式,圓面積的應用
先備關係(Prerequisite),扇形弧長,圓心角和扇形弧長的關係
先備關係(Prerequisite),扇形的面積計算,圓心角和扇形面積的關係
先備關係(Prerequisite),"圓柱的展開圖
認識圓面積公式",圓柱的表面積
先備關係(Prerequisite),"角柱的展開圖
認識三角形面積公式
認識梯形面積公式
認識平行四邊形公式",角柱的表面積
先備關係(Prerequisite),認識速率,流水問題
先備關係(Prerequisite),追趕問題（在速率情境下）,追趕問題（非速度情境下）
先備關係(Prerequisite),認識圓心角,認識及報讀圓形圖
先備關係(Prerequisite),"認識及報讀圓形圖
認識百分率（如：投資報酬率、銀行存款利率）",認識及報讀百分數圓形圖
先備關係(Prerequisite),認識縮圖和放大圖,繪製縮圖和放大圖
先備關係(Prerequisite),認識百分率（如：投資報酬率、銀行存款利率）,透過圖表判斷事情發生的可能性
先備關係(Prerequisite),兩量的和（母子和）,由兩量和（母子和）求基準量
先備關係(Prerequisite),認識速率,平均速率
先備關係(Prerequisite),規律問題（數）,雞兔問題
先備關係(Prerequisite),平均問題,平均的應用問題
先備關係(Prerequisite),繪製扇形,繪製圓形圖
先備關係(Prerequisite),繪製圓形圖,繪製百分數圓形圖
先備關係(Prerequisite),"繪製圓形圖
繪製複雜長條圖
繪製長條圖",判斷統計圖的使用時機
,,
,,
,,
,,
,,
